study,n_epochs,ps_R2,ps_RMSE,ps_MAE,ps_Spearman_rho,ps_N,pdi_R2,pdi_RMSE,pdi_MAE,pdi_Spearman_rho,pdi_N,ee_R2,ee_RMSE,ee_MAE,ee_Spearman_rho,ee_N,zeta_R2,zeta_RMSE,zeta_MAE,zeta_Spearman_rho,zeta_N,bio_accuracy,bio_N
https://doi.org/10.1038/s41467-024-45422-9,110,-0.5214138597081124,1.226947,0.9955045,0.02037780505922772,95,-0.8655808589141132,1.3586548566818237,1.0730652809143066,0.007823056738375527,95,-0.10977417831888991,1.0478990077972412,0.8972401022911072,0.13242685167060775,95,-1.4020241543379388,1.5416678190231323,1.272197961807251,-0.2610334792601583,95,0.5,6.0
10.1038/s41551-021-00786-x,65,-0.16360981466170577,1.0695269,0.7990338,-0.2589187908409472,59,-0.12263011743094898,1.0479623079299927,0.8866432309150696,0.3947108830763724,46,,,,,0,,,,,0,0.2,5.0
10.1021/acs.jpcb.5b02891,68,-0.010369671637613376,0.9944207,0.80921495,0.04497048389987723,47,,,,,0,0.12373197888820375,0.925861120223999,0.8224477171897888,0.6976889699367776,46,,,,,0,,
https://doi.org/10.1038/s41587-019-0247-3,35,-0.007750808459059622,0.9923948,0.6058021,0.13617762807014666,44,0.003767457482323433,0.9867070913314819,0.73061203956604,0.2337848825538925,44,0.0012302622424410492,0.9879627823829651,0.6821617484092712,0.18924731288642238,44,0.002142825442280838,0.9417983889579773,0.7473357319831848,-0.02510482226267169,9,0.21428571428571427,42.0
10.1021/acs.nanolett.5b02497,66,0.012965204632302108,0.9809989,0.5963143,0.16015590860282494,40,0.044549340466695675,0.9651758670806885,0.7637434005737305,0.4016612703282503,40,0.04199429080616712,0.9664654731750488,0.8014467358589172,0.19821640755113595,40,,,,,2,0.24390243902439024,41.0
10.1002/adfm.202106727,52,-0.045502967394565275,1.0093043,0.85056186,-0.26753720012146975,39,0.04956340201588705,0.9623234868049622,0.6659495234489441,0.49807322092734607,39,0.008460022502143505,0.9829119443893433,0.7621262073516846,-0.018732281139668412,39,,,,,0,1.0,1.0
10.1073/pnas.1306529110,143,-0.47933815253296963,1.1971253,0.86275697,0.12683044903848867,32,,,,,0,-0.07622821739004837,1.021075963973999,0.4555414319038391,-0.052582701170765425,32,,,,,0,0.0,32.0
https://doi.org/10.1038/s41467-024-50619-z,78,-0.13668036524700078,1.047609,0.90381795,-0.3903341408652714,29,-0.11021729450539675,1.0353423357009888,0.8042260408401489,-0.22590569659810522,29,,,,,0,,,,,0,0.13793103448275862,29.0
https://doi.org/10.1016/j.ijpharm.2023.123050,44,-0.020063893340728667,0.98564166,0.7482603,-0.03899904356018488,21,-0.03226097569731867,0.9915168881416321,0.7748265266418457,-0.20156572926881924,21,0.007601034985478816,0.9721841216087341,0.9259673357009888,0.06137867960206486,21,0.008777486879964824,0.9716077446937561,0.5666407346725464,0.44653886011074184,21,0.0,1.0
10.1039/d1na00712b,59,-0.03629208721639654,0.99601763,0.8251371,0.8029993952445221,18,,,,,0,0.0,0.06892978399991989,0.0686984583735466,,18,,,,,0,,
10.1016/j.jconrel.2019.10.028,38,-0.003957057591345903,0.9701596,0.73167545,-0.3126857262223895,16,-0.0036080240874278857,0.9699910283088684,0.7836664915084839,-0.5779762914399023,16,0.007777720621893747,0.9644731283187866,0.8062913417816162,0.35398384100647867,16,-0.008804986683701,0.9724991917610168,0.79964280128479,-0.411764705882353,16,0.0,4.0
https://doi.org/10.1016/j.jpha.2024.100996,31,-0.0013944476230718372,0.95282197,0.8468416,-0.007142857142857141,15,0.012974450937114579,1.0570056438446045,0.8681440949440002,0.2236139535109853,15,-0.0073822545753703395,0.9986127614974976,0.870390772819519,-0.3685157953861038,15,-0.0009713032006053446,1.06410813331604,0.7749757766723633,-0.050089525586460716,15,,
10.1039/c9nr09347h,117,0.16761607403235435,0.87916315,0.7786048,0.6174234435501595,14,,,,,0,0.4779656258648669,0.6462410688400269,0.5188265442848206,0.8999999999999998,5,,,,,0,,
10.1038/nbt.1602,44,0.26621388535722235,0.8254531,0.5018335,-0.12541261714395896,14,,,,,0,,,,,1,,,,,0,,
https://doi.org/10.1016/j.jconrel.2025.01.071,62,0.0025451871505136614,0.956208,0.6389471,0.3562748757267847,12,0.0,0.2671090364456177,0.26708984375,,4,-0.04488884881966948,0.9637376070022583,0.7216074466705322,-0.5500190982169267,9,,,,,0,0.25,12.0
http://dx.doi.org/10.1016/j.jconrel.2016.05.059,33,-0.015794650261785836,0.96495867,0.8636186,-0.02202669294643057,12,,,,,0,,,,,0,,,,,0,,
10.1002/btm2.10580,87,-0.0240518266912213,0.9465967,0.72001815,0.07142857142857144,8,-0.22013347417104479,1.0332554578781128,0.9408833980560303,-0.6904761904761906,8,0.03343678433271069,0.9196427464485168,0.812290370464325,0.38095238095238104,8,0.02696276723730162,0.9227174520492554,0.8011952638626099,-0.09523809523809526,8,0.0,12.0
https://doi.org/10.1016/j.ymthe.2018.03.010,48,0.015413241210356143,0.9460861,0.7597122,0.5454545454545455,11,-0.015134444509755873,0.9606505632400513,0.7784039974212646,-0.41673812994935777,11,0.004104374464392269,0.9515039324760437,0.770179808139801,0.05454545454545456,11,,,,,0,0.25,8.0
10.1002/smll.201805097,74,-0.19709252842005753,1.0431998,0.8547156,-0.3545454545454546,11,-0.22973138043981023,1.0573257207870483,0.8491733074188232,-0.6272727272727273,11,0.17651316810611295,0.8652307987213135,0.7430325150489807,-0.25512594664379495,11,,,,,0,0.3333333333333333,3.0
https://doi.org/10.1038/s41563-020-00886-0,34,-0.0046401121972887704,0.53781104,0.42206335,0.13135677076951102,10,0.0,0.0703243687748909,0.06982421875,,3,,,,,0,0.0,0.052808113396167755,0.05017852783203125,,8,0.6,5.0
10.1126/sciadv.abf4398,35,0.0017475098892304475,0.9526291,0.9237268,-0.17808404834111702,11,-0.005515796489568903,0.92836993932724,0.8235316872596741,0.07207499701564472,7,-0.0072099343479419264,0.8194347023963928,0.7807210087776184,-0.5,3,,,,,2,0.4,10.0
10.1021/acsnano.8b01516,31,-0.21750466509919497,0.6883097,0.6413392,0.17682926829268295,10,,,,,0,,,,,0,,,,,0,,
10.1039/C9NR02004G,69,-0.03587685608495339,0.9655512,0.7520588,0.21011498856237756,10,,,,,0,-0.058486654169130015,0.9391869902610779,0.5355245471000671,-0.7302967433402215,6,,,,,0,,
10.1126/sciadv.abc2315,122,-0.630078370130239,1.2112268,0.9748068,-0.1515151515151515,10,-0.24152461144891313,1.057058334350586,0.8033289909362793,0.40385136798968213,10,,,,,1,,,,,1,0.0,10.0
https://doi.org/10.1038/s41467-022-33157-4,34,-0.00869193154826653,0.93947077,0.7820606,0.329292779969071,8,,,,,0,0.0007967502353638523,0.8161712288856506,0.7716720700263977,0.0,3,5.2466991690813813e-05,0.8164751529693604,0.7717432975769043,0.0,3,,
https://doi.org/10.1073/pnas.2303567120,88,-2.7895904703248746,1.820959,1.2886187,0.2963188789948769,8,,,,,0,-58.61971151942213,7.279787063598633,2.905299663543701,0.3608229991491339,9,,,,,0,0.4,5.0
10.1073/pnas.0910603106,36,0.0012392207187892357,0.9422247,0.7477933,-0.1565217391304348,9,-0.008319159018232103,0.8696202635765076,0.811963677406311,0.7999999999999999,4,0.0,0.001841668039560318,0.0017827352276071906,,3,,,,,0,0.0,3.0
https://doi.org/10.1038/s41434-022-00370-1,35,-0.002086438641129673,0.9437921,0.64503014,-0.5666666666666667,9,-0.007827311693395789,0.9464916586875916,0.7388465404510498,-0.2742640448046567,9,,,,,2,,,,,0,,
https://doi.org/10.1248/cpb.c24-00089,77,-0.04768760419418405,0.9650274,0.8964232,-0.4979687473726341,9,-0.22470669789142383,1.043373465538025,0.9622026085853577,0.06900655593423542,9,-0.0745744699936488,0.977331817150116,0.8382979035377502,0.6424452109375582,9,,,,,0,0.5714285714285714,7.0
https://doi.org/10.1016/j.cej.2022.136310,101,-0.010102650733874396,0.94012755,0.9159355,0.2515015150017844,8,-0.030312478098785567,0.9494858384132385,0.7946763038635254,-0.018642532613430435,8,-0.4451902232405769,1.0974174737930298,0.7940612435340881,-0.3946648814672956,6,-0.2710297550466614,1.0545856952667236,0.7484639286994934,-0.3233590907165799,8,1.0,6.0
https://doi.org/10.1038/s41467-024-50093-7,36,-0.13137364021687836,0.8549981,0.727169,-0.054056247761733546,7,-0.1590272151682639,1.0683996677398682,0.9208586812019348,0.07207499701564472,7,0.0,0.022725850343704224,0.02254231832921505,,3,-0.01154264261546456,0.928930938243866,0.7401319742202759,0.09999999999999999,5,0.75,4.0
https://doi.org/10.34133/bmr.0017,69,0.05019011440555854,0.8716926,0.75793356,0.39999999999999997,5,-0.08685754174845273,0.9324623942375183,0.7996286153793335,0.5642880936468347,5,-0.15553025684536959,0.9812960624694824,0.6110051870346069,-0.40583972495671394,6,,,,,0,0.3333333333333333,6.0
10.1073/pnas.1209367109,74,-0.011018929148171708,0.91788656,0.8107729,0.030358837035945815,6,-0.035207711228310457,0.928801953792572,0.8623220324516296,-0.07352941176470588,6,0.009725090584954632,0.9084212183952332,0.7127522826194763,0.33394720739540396,6,,,,,0,0.5,4.0
10.1039/d1bm01454d,130,0.026869642588747356,1.3346275,0.9786812,0.7,5,-1.4664779536921055,1.3421510457992554,1.0604546070098877,0.4103913408340617,5,-1.277359435243227,1.194817066192627,0.8742049932479858,-0.09999999999999999,5,-5.985704482827369,2.6663455963134766,2.4498648643493652,-0.3,5,0.2,5.0
10.1038/mtna.2014.61,48,0.0060193096115670475,0.8140355,0.7522459,1.0,3,0.00015342236822579736,0.8164339065551758,0.7189714312553406,1.0,3,-0.0033076403553700118,0.8178458213806152,0.7553288340568542,-1.0,3,0.0024870325190655684,0.815480649471283,0.7217653393745422,1.0,3,0.0,4.0
https://doi.org/10.1021/acs.nanolett.1c01353,86,0.10073782521022523,0.8481803,0.7162355,0.3,5,,,,,2,,,,,2,,,,,0,0.6666666666666666,3.0
https://dx.doi.org/10.1021/acs.nanolett.0c01386,52,-0.018446184419897316,0.9026389,0.7799427,-0.8999999999999998,5,0.009249768107899459,0.8902810215950012,0.7725280523300171,0.6,5,0.0012856051325798035,0.8938520550727844,0.7425181865692139,0.3,5,,,,,0,0.25,4.0
