R2,RMSE,MAE,Pearson_r,Spearman_rho,N,study,train_size,Configuration
-5.1838145334675145,65.68591970304674,59.8862780575641,-0.2020470949582197,-0.1951867453947799,95,https://doi.org/10.1038/s41467-024-45422-9,805,RF (tuned) | Raw
-1.6437906039544945,37.974882769399784,33.11144095586599,-0.6789539501876287,-0.5865339898018155,94,10.1039/d0bm01609h,806,RF (tuned) | Raw
-0.5386489729870161,134.72125285198774,80.55332718533933,-0.139072550383446,-0.18926979894030055,59,10.1038/s41551-021-00786-x,841,RF (tuned) | Raw
0.001116221869378542,41.68837832693066,34.30517641827898,0.3783514956732984,0.510398149143144,47,10.1021/acs.jpcb.5b02891,853,RF (tuned) | Raw
-0.11322220196719268,32.29622922865831,18.832479574395368,-0.220557513278192,-0.05419971725059406,44,https://doi.org/10.1038/s41587-019-0247-3,856,RF (tuned) | Raw
-0.0043294029841673964,66.49990594939916,41.32316152126808,-0.2125948472912205,-0.41487946282164756,40,10.1021/acs.nanolett.5b02497,860,RF (tuned) | Raw
-1.374555470144633,25.49170026588075,20.22947454803179,-0.09110139607208093,-0.01842198494185773,39,10.1002/adfm.202106727,861,RF (tuned) | Raw
-0.9602567455594986,32.62963621664244,25.91944421030178,0.2957043026945836,0.1486467653454007,32,10.1073/pnas.1306529110,868,RF (tuned) | Raw
-8.358287471915382,31.727628110145112,30.070475159887113,0.24930914339266258,0.19043514031930378,29,https://doi.org/10.1038/s41467-024-50619-z,871,RF (tuned) | Raw
-0.011839798547709224,12.535092023986945,11.021014180467697,0.13835795350903787,0.1033129904097646,24,10.1039/d5nr00433k,876,RF (tuned) | Raw
-5.951260012036892,39.361451499666614,34.552493510930496,-0.5157746624994584,-0.44149634450596703,24,https://doi.org/10.1016/j.jpha.2024.100996,876,RF (tuned) | Raw
-0.7306175044038514,40.14656542910977,35.57623774119714,-0.2611073952062176,-0.10224530291004172,22,https://doi.org/10.1038/s41563-020-00886-0,878,RF (tuned) | Raw
-1.075693015249112,36.59023816224882,33.57940508574815,-0.16639855321766078,-0.3273426101412438,21,https://doi.org/10.1016/j.ijpharm.2023.123050,879,RF (tuned) | Raw
-1.3822035794262897,58.49176973192416,44.54267844209693,-0.08463777386822549,0.17007075142039496,19,10.1039/d1na00712b,881,RF (tuned) | Raw
-3737.192785248063,103.02728516745445,103.01428616380751,0.358226113846259,0.4373598095315071,18,10.1021/acsnano.8b03640,882,RF (tuned) | Raw
-115.23152159445317,44.121561341106975,43.9313200753905,0.13682229002879187,-0.07706776883878773,16,10.1016/j.jconrel.2019.10.028,884,RF (tuned) | Raw
-0.15153219359353787,53.89514896408972,38.72993882175819,0.13520541368380903,-0.008839913921757278,14,10.1039/c9nr09347h,886,RF (tuned) | Raw
-1.2937052716228306,32.279261567892476,29.228846084993595,0.05384261123393363,0.011001106767013944,14,10.1038/nbt.1602,886,RF (tuned) | Raw
-0.09493944170398483,37.146600059064816,24.402955173402372,-0.18980707511866485,0.08451542547285167,13,10.1039/d1bm01454d,887,RF (tuned) | Raw
-6.467395711232942,42.40695194805484,35.67276673369567,-0.22432092009543264,-0.2292801052841461,12,10.1021/acsnano.8b01516,888,RF (tuned) | Raw
-2.855003421070204,53.443517042489276,48.991671237137474,0.8459025149004799,0.8172095503152256,12,http://dx.doi.org/10.1016/j.jconrel.2016.05.059,888,RF (tuned) | Raw
-2.161549519562895,25.222490360629436,19.732061443507586,-0.06047338070306295,-0.1120842349341354,12,https://doi.org/10.1038/s41467-024-50093-7,888,RF (tuned) | Raw
-0.1235609852987094,33.73285843325817,27.527578143668066,0.811928774487561,-0.2524643504744323,12,https://doi.org/10.1016/j.jconrel.2025.01.071,888,RF (tuned) | Raw
-2.5337481170395186,36.05322754584789,30.398354687798534,-0.19056813971473638,-0.10441537909547936,11,10.1126/sciadv.abf4398,889,RF (tuned) | Raw
-0.0193372114810888,33.75462983720989,24.920509282686258,0.08531251833639071,0.20000000000000004,11,https://doi.org/10.1016/j.ymthe.2018.03.010,889,RF (tuned) | Raw
-7.304224568084043,56.96219040205176,53.50962695603943,0.22731952731191354,0.4090909090909091,11,10.1002/smll.201805097,889,RF (tuned) | Raw
-4.722603086603911,14.82582829242455,12.426875951800868,0.09393904461120861,-0.04242424242424241,10,10.1126/sciadv.abc2315,890,RF (tuned) | Raw
-186.11829066881222,53.9144727746233,53.77105785879276,0.3256727418389766,0.5354795526016659,10,10.1039/C9NR02004G,890,RF (tuned) | Raw
-0.0032169173851863686,43.62839554600681,29.828043791546786,-0.0815852880931687,-0.39451201583694584,9,https://doi.org/10.1038/s41434-022-00370-1,891,RF (tuned) | Raw
-0.2685045447843193,57.56020557188174,45.91315655103896,-0.07935846778024455,0.13170568741145164,9,https://doi.org/10.1248/cpb.c24-00089,891,RF (tuned) | Raw
-0.12995743446739794,77.8679899241498,63.95444295294619,-0.5070921982892228,-0.26086956521739135,9,10.1073/pnas.0910603106,891,RF (tuned) | Raw
-1.4038614206509603,85.09970434864175,67.77542788822899,0.018902305061243713,0.0,8,https://doi.org/10.1016/j.cej.2022.136310,892,RF (tuned) | Raw
-14.37291421108048,18.947189214082837,17.397529747072326,0.5352398909193407,0.3571428571428572,8,10.1002/btm2.10580,892,RF (tuned) | Raw
-1.1574653788077351,52.15126837536649,38.621925643019615,0.7064231197480171,0.8561760407819944,8,https://doi.org/10.1038/s41467-022-33157-4,892,RF (tuned) | Raw
-1.2505617876583348,48.643351120603306,47.26455928797854,-0.17979000125048092,0.16903085094570333,8,https://doi.org/10.1073/pnas.2303567120,892,RF (tuned) | Raw
-25.171407221501948,60.80327633135748,59.60470106866533,-0.33676317018575236,-0.39279220242478635,6,10.1073/pnas.1209367109,894,RF (tuned) | Raw
-17.186597755692304,23.914697900684416,22.015275687189735,-0.44989261144738624,-0.5642880936468347,5,https://doi.org/10.34133/bmr.0017,895,RF (tuned) | Raw
-2.6475526312876947,51.69151981736219,46.43190313570082,0.7601259568578778,0.6,5,https://doi.org/10.1021/acs.nanolett.1c01353,895,RF (tuned) | Raw
-6.235951144604089,19.020976768562768,17.65779027030858,,,5,https://dx.doi.org/10.1021/acs.nanolett.0c01386,895,RF (tuned) | Raw
-0.012815968214051399,1.001076794005339,0.7944514780382954,0.12198833602268905,0.104479701916538,95,https://doi.org/10.1038/s41467-024-45422-9,805,RF (tuned) | Z-Normalised
0.0010807832850258103,0.9941289737942234,0.7987142452996303,0.34210458414134726,0.5668276120799381,94,10.1039/d0bm01609h,806,RF (tuned) | Z-Normalised
-0.021640975154094244,1.0021601800224698,0.6816040393035994,-0.32775609552941215,-0.33337252970192166,59,10.1038/s41551-021-00786-x,841,RF (tuned) | Z-Normalised
0.0021737670431629663,0.9882286615833282,0.8011273875120081,0.05063026661918871,0.16395279854310385,47,10.1021/acs.jpcb.5b02891,853,RF (tuned) | Z-Normalised
0.011573908531349875,0.9828335882117023,0.6143009878797745,0.25923145957832044,0.20106883855831953,44,https://doi.org/10.1038/s41587-019-0247-3,856,RF (tuned) | Z-Normalised
0.007615747483296742,0.9836537227112934,0.5639666070093396,0.5343627699888825,0.4935367050478337,40,10.1021/acs.nanolett.5b02497,860,RF (tuned) | Z-Normalised
-0.02804247348105049,1.0008408515135958,0.8427018616979436,-0.24719690418942702,-0.28493344841389845,39,10.1002/adfm.202106727,861,RF (tuned) | Z-Normalised
-0.010009475483672814,0.9891646371432862,0.6525962692488597,-0.08310404133050425,-0.201153831711189,32,10.1073/pnas.1306529110,868,RF (tuned) | Z-Normalised
-0.04143830270698268,1.0027595110974494,0.8106405968774723,-0.3358341372630736,-0.34894620209964333,29,https://doi.org/10.1038/s41467-024-50619-z,871,RF (tuned) | Z-Normalised
0.011639180366884827,0.9732312771459154,0.9047533575567194,0.8612662625630445,0.8252342754226173,24,10.1039/d5nr00433k,876,RF (tuned) | Z-Normalised
0.10368612387617859,0.9268049765828096,0.8163009326593551,0.5544979141019681,0.7075451352302247,24,https://doi.org/10.1016/j.jpha.2024.100996,876,RF (tuned) | Z-Normalised
-0.04480839892666788,0.998657653085563,0.6461225183791235,-0.2847975085454537,-0.04519996656282866,22,https://doi.org/10.1038/s41563-020-00886-0,878,RF (tuned) | Z-Normalised
0.002162957548355271,0.9748440864113044,0.7419970995209634,0.4981772553804898,0.45099337702706216,21,https://doi.org/10.1016/j.ijpharm.2023.123050,879,RF (tuned) | Z-Normalised
-5.7124895550320076e-05,0.9733563270327739,0.8323520287674014,0.313710316554516,0.4127487178044228,19,10.1039/d1na00712b,881,RF (tuned) | Z-Normalised
0.012172360087099543,0.9658925026028549,0.5254626690231962,0.26258465726421754,0.4648303430227423,18,10.1021/acsnano.8b03640,882,RF (tuned) | Z-Normalised
0.013986585463336199,0.9614507663568228,0.7362715151534136,0.3420449332052867,-0.167735732178538,16,10.1016/j.jconrel.2019.10.028,884,RF (tuned) | Z-Normalised
0.04844452244999753,0.9399932069720365,0.8001617960740343,0.7690636062599377,0.830951908645184,14,10.1039/c9nr09347h,886,RF (tuned) | Z-Normalised
0.14455276007069884,0.8912597071833982,0.5072259095277516,0.7192138577727957,0.1540154947381952,14,10.1038/nbt.1602,886,RF (tuned) | Z-Normalised
-0.00015400272385912572,0.9608429004979994,0.637557591484054,-0.001992924324348666,-0.24983580204599523,13,10.1039/d1bm01454d,887,RF (tuned) | Z-Normalised
0.05530537506296784,0.9305751301528244,0.6723446964257563,0.25713421783537765,0.09876681458393986,12,10.1021/acsnano.8b01516,888,RF (tuned) | Z-Normalised
0.04184386659077155,0.9371818334552048,0.7811352856150635,0.9165707620996602,0.8530520744518583,12,http://dx.doi.org/10.1016/j.jconrel.2016.05.059,888,RF (tuned) | Z-Normalised
0.029155944566281677,0.943366516337937,0.8232204526609262,0.30755152377099354,0.1751316170845866,12,https://doi.org/10.1038/s41467-024-50093-7,888,RF (tuned) | Z-Normalised
0.00017199515623045336,0.9573447678031785,0.6306517237375837,0.49014883907892504,0.046634457618869,12,https://doi.org/10.1016/j.jconrel.2025.01.071,888,RF (tuned) | Z-Normalised
0.007741821375025659,0.9497646496154022,0.9171206357065107,0.3089659635649676,0.09090058561679137,11,10.1126/sciadv.abf4398,889,RF (tuned) | Z-Normalised
0.006067017850392431,0.9505658516472305,0.7708749127917827,0.09070516980613802,0.08181818181818183,11,https://doi.org/10.1016/j.ymthe.2018.03.010,889,RF (tuned) | Z-Normalised
-0.004615126699614169,0.9556602318909324,0.77948502929063,-0.03349856012132742,-0.10000000000000002,11,10.1002/smll.201805097,889,RF (tuned) | Z-Normalised
-0.02835961636562012,0.9620413996960101,0.826024902056804,-0.33320984242198415,-0.29696969696969694,10,10.1126/sciadv.abc2315,890,RF (tuned) | Z-Normalised
-0.0035066013442821564,0.950345169509402,0.6945878590616018,0.3299300432866412,0.5354795526016659,10,10.1039/C9NR02004G,890,RF (tuned) | Z-Normalised
-0.017417421183391513,0.9509842485824376,0.6066907491419831,0.669621241902106,0.7302967433402214,9,https://doi.org/10.1038/s41434-022-00370-1,891,RF (tuned) | Z-Normalised
-0.0003282138077822516,0.9429637503614898,0.8696335839276321,-0.04403426433299176,0.1375047745542317,9,https://doi.org/10.1248/cpb.c24-00089,891,RF (tuned) | Z-Normalised
0.025665955849856315,0.930631348016624,0.7562893772294667,0.39304494107824817,-0.10434782608695654,9,10.1073/pnas.0910603106,891,RF (tuned) | Z-Normalised
-0.014243548508230841,0.9420526020051652,0.9166679520895882,-0.01890230506124374,0.0,8,https://doi.org/10.1016/j.cej.2022.136310,892,RF (tuned) | Z-Normalised
-0.10853061358876204,0.9848676494281693,0.7632035281819733,-0.531259595148599,-0.30952380952380953,8,10.1002/btm2.10580,892,RF (tuned) | Z-Normalised
0.03213131237994826,0.9202636044457836,0.7577683972837548,0.9186324069783451,0.8768105301663435,8,https://doi.org/10.1038/s41467-022-33157-4,892,RF (tuned) | Z-Normalised
-0.03699777341405408,0.9525613112746588,0.5642760321046434,-0.29531033452099936,-0.3944053188733078,8,https://doi.org/10.1073/pnas.2303567120,892,RF (tuned) | Z-Normalised
-0.007506268083872225,0.9162906507962197,0.8082663514495959,0.3367631701857524,0.39279220242478635,6,10.1073/pnas.1209367109,894,RF (tuned) | Z-Normalised
-0.0885351550957687,0.9331817208221638,0.8282469288881396,-0.44746816675155765,-0.3,5,https://doi.org/10.34133/bmr.0017,895,RF (tuned) | Z-Normalised
0.0033830480809873276,0.8929129641433201,0.6348517276390053,0.5428874324681194,0.49999999999999994,5,https://doi.org/10.1021/acs.nanolett.1c01353,895,RF (tuned) | Z-Normalised
-0.016999330146562963,0.9019974856490734,0.7822699864995988,,,5,https://dx.doi.org/10.1021/acs.nanolett.0c01386,895,RF (tuned) | Z-Normalised
-7.196644400050799,75.62442827400574,70.7694353926809,-0.0897622731288366,-0.062150214965393635,95,https://doi.org/10.1038/s41467-024-45422-9,805,XGBoost (tuned) | Raw
-2.6519464479713886,44.63187321141056,40.132091103411746,-0.35241108080675676,-0.07238340136605004,94,10.1039/d0bm01609h,806,XGBoost (tuned) | Raw
-0.4440288997741284,130.5131524249402,74.77742638022212,-0.34617904591760795,-0.31979199045996504,59,10.1038/s41551-021-00786-x,841,XGBoost (tuned) | Raw
-0.6008735110907328,52.77594647732539,46.70100743719871,0.10835159683521914,0.13944843127369005,47,10.1021/acs.jpcb.5b02891,853,XGBoost (tuned) | Raw
-0.11666256028639133,32.34609568283343,18.513089058615943,-0.020150671231841222,-0.036630232656445924,44,https://doi.org/10.1038/s41587-019-0247-3,856,XGBoost (tuned) | Raw
-0.13818671694808926,70.79289926278767,37.684205055236816,0.6775842414697566,0.059507774962705304,40,10.1021/acs.nanolett.5b02497,860,XGBoost (tuned) | Raw
-1.1926479893918005,24.495826721974005,19.35750607221555,0.014320863156972494,0.01791588645444406,39,10.1002/adfm.202106727,861,XGBoost (tuned) | Raw
-0.5166947706394431,28.70151676326709,21.569210052490234,0.36548170643351574,0.1259060288559924,32,10.1073/pnas.1306529110,868,XGBoost (tuned) | Raw
-8.030482935265113,31.16699300897419,29.486934004158808,0.3639667816619835,0.34598798632769306,29,https://doi.org/10.1038/s41467-024-50619-z,871,XGBoost (tuned) | Raw
-0.022525994923938475,12.60111069481531,11.451876958211264,0.1772897230522952,0.3105251762548798,24,10.1039/d5nr00433k,876,XGBoost (tuned) | Raw
-5.343188012407951,37.600457605710936,32.712538414001465,-0.40059244705253305,-0.4587954011480559,24,https://doi.org/10.1016/j.jpha.2024.100996,876,XGBoost (tuned) | Raw
-0.43427106488432776,36.54798764444736,32.67815974842418,0.1392661793146998,0.27393919128987065,22,https://doi.org/10.1038/s41563-020-00886-0,878,XGBoost (tuned) | Raw
-0.5474600945921491,31.593184485122226,27.857379731677828,-0.19996030679517723,-0.47215913118356684,21,https://doi.org/10.1016/j.ijpharm.2023.123050,879,XGBoost (tuned) | Raw
-1.3066806019902453,57.557120264341776,43.83723530016448,0.2573214879780582,0.33799128948354223,19,10.1039/d1na00712b,881,XGBoost (tuned) | Raw
-3076.295706553486,93.47727079034311,93.09019173516168,0.1391584368707595,0.11783413050187712,18,10.1021/acsnano.8b03640,882,XGBoost (tuned) | Raw
-58.02358504478384,31.44138751179866,27.709567279815673,0.5142164007437344,-0.022666990834937565,16,10.1016/j.jconrel.2019.10.028,884,XGBoost (tuned) | Raw
0.012836437461648975,49.90064886916696,39.77616718837193,0.33891361243021495,0.3138169442223833,14,10.1039/c9nr09347h,886,XGBoost (tuned) | Raw
-1.7956833922571742,35.63680642264612,31.547876630510604,0.022846169329756787,-0.18921903639263982,14,10.1038/nbt.1602,886,XGBoost (tuned) | Raw
-0.16859741937313188,38.37571510682328,25.625259986290565,-0.2524657346016589,0.10037928990817233,13,10.1039/d1bm01454d,887,XGBoost (tuned) | Raw
-8.800813244220244,48.58291084387774,43.10675608317057,0.11178209748638604,0.04938340729196993,12,10.1021/acsnano.8b01516,888,XGBoost (tuned) | Raw
-2.1082242299719987,47.98868148671033,44.88201586405436,0.9126628253416942,0.7276032399736438,12,http://dx.doi.org/10.1016/j.jconrel.2016.05.059,888,XGBoost (tuned) | Raw
-4.742357076998927,33.99249699311936,25.078942616780598,-0.016523868215565445,0.11558686727582713,12,https://doi.org/10.1038/s41467-024-50093-7,888,XGBoost (tuned) | Raw
-0.14210860599761732,34.01014790282896,28.020837148030605,0.13713931231752768,0.15974145447847318,12,https://doi.org/10.1016/j.jconrel.2025.01.071,888,XGBoost (tuned) | Raw
-2.4232101420883354,35.48486314515404,29.78573330965909,0.006131805737981805,-0.2018697329179268,11,10.1126/sciadv.abf4398,889,XGBoost (tuned) | Raw
0.01803579436835112,33.13006126947798,23.253481916947802,0.28181981011158275,0.5454545454545455,11,https://doi.org/10.1016/j.ymthe.2018.03.010,889,XGBoost (tuned) | Raw
-6.720956036236101,54.92533043559179,51.387435635653404,0.20267151850462978,0.20000000000000004,11,10.1002/smll.201805097,889,XGBoost (tuned) | Raw
-25.08899419408489,31.65561983273745,28.436150360107423,-0.14804543299383266,-0.006060606060606061,10,10.1126/sciadv.abc2315,890,XGBoost (tuned) | Raw
-279.4172105244385,66.00085692754934,65.87111495971679,-0.14914829493318832,0.0,10,10.1039/C9NR02004G,890,XGBoost (tuned) | Raw
-0.06044120868057612,44.85543950592778,31.27027045355903,-0.14952588946665485,-0.27122540144832413,9,https://doi.org/10.1038/s41434-022-00370-1,891,XGBoost (tuned) | Raw
-0.3419876821783614,59.20393693292916,45.259745279947914,0.2671906115710657,0.3070939965044508,9,https://doi.org/10.1248/cpb.c24-00089,891,XGBoost (tuned) | Raw
-0.05941038292763268,75.3980362127398,61.36923014322916,-0.5566846775131482,-0.18260869565217394,9,10.1073/pnas.0910603106,891,XGBoost (tuned) | Raw
-1.4080191973927523,85.17326780456597,66.55593719482422,0.018902305061243713,0.0,8,https://doi.org/10.1016/j.cej.2022.136310,892,XGBoost (tuned) | Raw
-12.842605097631292,17.97941699673365,17.369850158691406,0.5758051492961265,0.6666666666666669,8,10.1002/btm2.10580,892,XGBoost (tuned) | Raw
-0.8631236994027816,48.463391478100576,38.69182586669922,0.903914416162429,0.6626889364596515,8,https://doi.org/10.1038/s41467-022-33157-4,892,XGBoost (tuned) | Raw
-0.6512249358117459,41.66593532841509,40.27010536193848,-0.07245151476101266,0.02531848417709167,8,https://doi.org/10.1073/pnas.2303567120,892,XGBoost (tuned) | Raw
-16.79651564485658,50.13960800885415,48.28243331909179,-0.3367631701857524,-0.39279220242478635,6,10.1073/pnas.1209367109,894,XGBoost (tuned) | Raw
-18.70044654041864,24.890132211942277,22.869853088378903,-0.471814362214069,-0.7905694150420948,5,https://doi.org/10.34133/bmr.0017,895,XGBoost (tuned) | Raw
-0.39417117645513144,31.95777742027339,30.605791931152346,0.8528639747265283,0.7,5,https://doi.org/10.1021/acs.nanolett.1c01353,895,XGBoost (tuned) | Raw
-0.3478149383151903,8.20918673899915,6.978793334960938,-0.35355339059327373,-0.35355339059327373,5,https://dx.doi.org/10.1021/acs.nanolett.0c01386,895,XGBoost (tuned) | Raw
-0.010475861056274738,0.999919633293174,0.7894639879429562,-0.17380670408519794,-0.1720234789285426,95,https://doi.org/10.1038/s41467-024-45422-9,805,XGBoost (tuned) | Z-Normalised
-0.03032906522804102,1.009637617031782,0.8104634628266402,-0.29408407336255016,0.10306068749702421,94,10.1039/d0bm01609h,806,XGBoost (tuned) | Z-Normalised
-0.040572190822865783,1.011402676498959,0.67983421972031,-0.35133496551169807,-0.3488226154878136,59,10.1038/s41551-021-00786-x,841,XGBoost (tuned) | Z-Normalised
-0.006062608095067423,0.9922988565390918,0.810121849791362,0.04094463046858042,0.09784896674575129,47,10.1021/acs.jpcb.5b02891,853,XGBoost (tuned) | Z-Normalised
0.032132730963499,0.9725586283866428,0.579842428694181,0.22776426631489477,0.1042853705726781,44,https://doi.org/10.1038/s41587-019-0247-3,856,XGBoost (tuned) | Z-Normalised
0.07909426133316666,0.9475669344168585,0.49862565641372464,0.7418223401216356,0.608417258453322,40,10.1021/acs.nanolett.5b02497,860,XGBoost (tuned) | Z-Normalised
-0.036359937521655894,1.0048813889162895,0.8369608687833249,-0.30108487045284954,-0.3091249561122721,39,10.1002/adfm.202106727,861,XGBoost (tuned) | Z-Normalised
-0.028575526095550474,0.9982146767630025,0.6514542325429222,-0.16194743247680327,-0.23369342213505784,32,10.1073/pnas.1306529110,868,XGBoost (tuned) | Z-Normalised
-0.04209843323981666,1.0030772674661748,0.8193244559515613,-0.27541000830322054,-0.2717860740479384,29,https://doi.org/10.1038/s41467-024-50619-z,871,XGBoost (tuned) | Z-Normalised
0.09183060391503384,0.9329142536061,0.8692630911804994,0.8589787751917569,0.774411508282476,24,10.1039/d5nr00433k,876,XGBoost (tuned) | Z-Normalised
0.08590579516798347,0.9359524273686933,0.8289116905452056,0.5923924408327574,0.703349348833644,24,https://doi.org/10.1016/j.jpha.2024.100996,876,XGBoost (tuned) | Z-Normalised
-0.02944259838362373,0.99128691759881,0.6829637723083957,-0.17958500788512272,-0.1965513697504822,22,https://doi.org/10.1038/s41563-020-00886-0,878,XGBoost (tuned) | Z-Normalised
0.026370787230719506,0.9629464766658242,0.7399419245355766,0.7778172817514543,0.693359521942053,21,https://doi.org/10.1016/j.ijpharm.2023.123050,879,XGBoost (tuned) | Z-Normalised
0.013888894627923642,0.9665456641456779,0.857989075188125,0.29996742148753275,0.21252305512102115,19,10.1039/d1na00712b,881,XGBoost (tuned) | Z-Normalised
-0.0003406353467498846,0.9719908207412578,0.534851917894795,0.02566969864541108,-0.03686834758034192,18,10.1021/acsnano.8b03640,882,XGBoost (tuned) | Z-Normalised
0.09711282279092759,0.9200308302625,0.7470824823924278,0.5340054205476911,-0.09210761168059327,16,10.1016/j.jconrel.2019.10.028,884,XGBoost (tuned) | Z-Normalised
0.1255117884958742,0.9011241689274901,0.7597629608794626,0.7213864507349915,0.8044321668799121,14,10.1039/c9nr09347h,886,XGBoost (tuned) | Z-Normalised
0.13733453784901373,0.8950120114103346,0.4856680134893386,0.6341478614110021,-0.022002213534027888,14,10.1038/nbt.1602,886,XGBoost (tuned) | Z-Normalised
-0.004058799988482464,0.9627167328356125,0.6262600834307678,-0.19793823314988457,-0.041239304942116126,13,10.1039/d1bm01454d,887,XGBoost (tuned) | Z-Normalised
-0.02871959198192875,0.971078245723159,0.734954045681345,0.060049624624704465,-0.05643817976225135,12,10.1021/acsnano.8b01516,888,XGBoost (tuned) | Z-Normalised
0.15319101088577014,0.8810457271644364,0.7215527361449688,0.9107460675759697,0.6810079585960214,12,http://dx.doi.org/10.1016/j.jconrel.2016.05.059,888,XGBoost (tuned) | Z-Normalised
0.17692092366084755,0.8686133508707369,0.7402258119801797,0.5899429413850485,0.5324001159371432,12,https://doi.org/10.1038/s41467-024-50093-7,888,XGBoost (tuned) | Z-Normalised
-0.007715257621864424,0.961113409621037,0.6170094539738201,-0.049449173933718456,0.029483984986382744,12,https://doi.org/10.1016/j.jconrel.2025.01.071,888,XGBoost (tuned) | Z-Normalised
0.027853591062337868,0.9400901353969214,0.8764483767772524,0.20787883730996648,-0.1833069988565082,11,10.1126/sciadv.abf4398,889,XGBoost (tuned) | Z-Normalised
0.04666038109515436,0.9309524052402393,0.7594845769744947,0.472713134634565,0.5909090909090909,11,https://doi.org/10.1016/j.ymthe.2018.03.010,889,XGBoost (tuned) | Z-Normalised
0.0024426424608634534,0.9522973931685303,0.7918824853548336,0.11946101309323182,0.3272727272727273,11,10.1002/smll.201805097,889,XGBoost (tuned) | Z-Normalised
-0.021479126027025064,0.9588176121788349,0.8256993329373978,0.16554824899235182,0.1515151515151515,10,10.1126/sciadv.abc2315,890,XGBoost (tuned) | Z-Normalised
0.0016503379717018873,0.947900150767721,0.6772262747790967,0.2390415232319962,0.230803375806152,10,10.1039/C9NR02004G,890,XGBoost (tuned) | Z-Normalised
-0.011838509268971897,0.9483733485495498,0.5976880660198596,0.4902147292054859,0.6390096504226938,9,https://doi.org/10.1038/s41434-022-00370-1,891,XGBoost (tuned) | Z-Normalised
-0.0033522064964963683,0.9443879647670683,0.8767094919781037,0.0124290371146073,0.24930536125814318,9,https://doi.org/10.1248/cpb.c24-00089,891,XGBoost (tuned) | Z-Normalised
0.03267690115431554,0.9272770645980074,0.7655245792675036,0.6706302008727625,0.26086956521739135,9,10.1073/pnas.0910603106,891,XGBoost (tuned) | Z-Normalised
-0.029854108424513415,0.9492746414349481,0.9166679520895884,-0.01890230506124374,0.0,8,https://doi.org/10.1016/j.cej.2022.136310,892,XGBoost (tuned) | Z-Normalised
-0.06852671846062908,0.9669337509121558,0.7421688918365589,-0.3645956627233762,-0.261904761904762,8,10.1002/btm2.10580,892,XGBoost (tuned) | Z-Normalised
0.167793702180137,0.8533349345903872,0.6855036404307423,0.8592221010173248,0.859041213929178,8,https://doi.org/10.1038/s41467-022-33157-4,892,XGBoost (tuned) | Z-Normalised
-0.08600580855274909,0.9748102802513193,0.5285815318096134,-0.2626112354778236,-0.3944053188733078,8,https://doi.org/10.1073/pnas.2303567120,892,XGBoost (tuned) | Z-Normalised
0.01194438675056142,0.9074027097754696,0.8096277563970623,0.33676317018575236,0.39279220242478635,6,10.1073/pnas.1209367109,894,XGBoost (tuned) | Z-Normalised
-0.08990967614077539,0.933770711102367,0.8267346749056589,-0.38477038731165314,-0.15389675281277312,5,https://doi.org/10.34133/bmr.0017,895,XGBoost (tuned) | Z-Normalised
-0.06507847367190189,0.923072466785529,0.6018693374269415,0.5021311413651219,0.39999999999999997,5,https://doi.org/10.1021/acs.nanolett.1c01353,895,XGBoost (tuned) | Z-Normalised
-0.06782009293937219,0.9242597439851514,0.8052508405201839,0.35355339059327373,0.35355339059327373,5,https://dx.doi.org/10.1021/acs.nanolett.0c01386,895,XGBoost (tuned) | Z-Normalised
-5.942518648485053,69.5989335014777,63.61765597034438,-0.3505859093416903,-0.27747771675894634,95,https://doi.org/10.1038/s41467-024-45422-9,805,LightGBM (tuned) | Raw
-2.0293699247773858,40.64986140382305,36.01483851863439,-0.5530726629373394,-0.737639885205272,94,10.1039/d0bm01609h,806,LightGBM (tuned) | Raw
-0.31445318323227633,124.51993879190046,68.63775153284188,-0.3018039680864317,-0.1017525518211031,59,10.1038/s41551-021-00786-x,841,LightGBM (tuned) | Raw
-0.37998768369470404,48.99989241790455,42.733637044573946,0.04302161037961281,-0.051783088858225704,47,10.1021/acs.jpcb.5b02891,853,LightGBM (tuned) | Raw
-0.009799562120408556,30.75944380771561,19.778107810639284,-0.0769054357501707,-0.0757507250886911,44,https://doi.org/10.1038/s41587-019-0247-3,856,LightGBM (tuned) | Raw
-0.03109084321990574,67.38006217838502,36.872007471729354,-0.1007067256384432,-0.18116635936547051,40,10.1021/acs.nanolett.5b02497,860,LightGBM (tuned) | Raw
-1.2175641133588955,24.634612550782432,19.580452842495486,0.10312889009514348,0.12691100796783344,39,10.1002/adfm.202106727,861,LightGBM (tuned) | Raw
-0.5346785175361475,28.87117507963898,22.20130194156117,0.3683733528763941,0.08005478780417724,32,10.1073/pnas.1306529110,868,LightGBM (tuned) | Raw
-5.343456178911859,26.12175714395129,23.895731756670152,0.25610240529397393,0.1869838885853617,29,https://doi.org/10.1038/s41467-024-50619-z,871,LightGBM (tuned) | Raw
-0.5533918609144988,15.531455637092673,13.089448430024682,0.00031570374749910306,-0.12655865039384795,24,10.1039/d5nr00433k,876,LightGBM (tuned) | Raw
-6.3517742438585145,40.479526105234434,37.21421582156119,-0.14603437479955203,-0.029971946837560527,24,https://doi.org/10.1016/j.jpha.2024.100996,876,LightGBM (tuned) | Raw
-0.6292207580483382,38.952722623127364,34.931037185867815,0.2499302116294866,0.2165815995225166,22,https://doi.org/10.1038/s41563-020-00886-0,878,LightGBM (tuned) | Raw
-0.35518933957522947,29.56539343530746,25.93394422711801,-0.23264642581041123,-0.5630952518954683,21,https://doi.org/10.1016/j.ijpharm.2023.123050,879,LightGBM (tuned) | Raw
-1.0401793999821671,54.130184109933815,38.920400063337496,0.2559211155256993,0.3259348680202779,19,10.1039/d1na00712b,881,LightGBM (tuned) | Raw
-3255.5677527450534,96.16155279626913,96.087562734455,-0.1973826412415534,-0.2462227141691588,18,10.1021/acsnano.8b03640,882,LightGBM (tuned) | Raw
-85.19727151995646,37.99580677080193,37.82281340535134,0.5265884241469836,0.1726978905589433,16,10.1016/j.jconrel.2019.10.028,884,LightGBM (tuned) | Raw
-0.0895990829475466,52.42579187884751,44.66453594663272,-0.7006232596035256,-0.3875282342874042,14,10.1039/c9nr09347h,886,LightGBM (tuned) | Raw
-2.0572690654976586,37.266758216096385,34.34349524708046,-0.07425251240247889,-0.21145374449339208,14,10.1038/nbt.1602,886,LightGBM (tuned) | Raw
-0.12239800120913702,37.60949155517231,24.921647372660313,-0.28024837217230597,-0.04454354031873739,13,10.1039/d1bm01454d,887,LightGBM (tuned) | Raw
-8.840720114812807,48.681720111351964,44.5845939432825,-0.1745325469994826,0.0035273862351407094,12,10.1021/acsnano.8b01516,888,LightGBM (tuned) | Raw
-2.518731020774879,51.059397011490766,47.02694495045458,0.9114101936894962,0.6943650748294136,12,http://dx.doi.org/10.1016/j.jconrel.2016.05.059,888,LightGBM (tuned) | Raw
-2.536192398513739,26.675091239474042,20.67728753176522,0.0897278413780806,0.08406317620060155,12,https://doi.org/10.1038/s41467-024-50093-7,888,LightGBM (tuned) | Raw
-0.3467088680835795,36.93105196810727,32.48643300820265,0.9092205625940837,0.48463949987579186,12,https://doi.org/10.1016/j.jconrel.2025.01.071,888,LightGBM (tuned) | Raw
-1.9699279220287513,33.052119117076074,26.83310882272566,-0.18260213722108826,0.0073703177527128134,11,10.1126/sciadv.abf4398,889,LightGBM (tuned) | Raw
-0.03463247136859904,34.00693275277105,27.88128589135279,-0.033675018123353495,0.26363636363636367,11,https://doi.org/10.1016/j.ymthe.2018.03.010,889,LightGBM (tuned) | Raw
-5.103240884439686,48.83344849562792,44.79667063095403,0.18077243200884086,0.4272727272727273,11,10.1002/smll.201805097,889,LightGBM (tuned) | Raw
-14.71269114459433,24.566734965474517,20.932776254324885,-0.28949597603742255,-0.2727272727272727,10,10.1126/sciadv.abc2315,890,LightGBM (tuned) | Raw
-318.83415783319543,70.48710336965189,70.37682389426217,,,10,10.1039/C9NR02004G,890,LightGBM (tuned) | Raw
-0.03775964621479,44.37314467954157,31.273016870147558,-0.16092235872961835,-0.6772962119561564,9,https://doi.org/10.1038/s41434-022-00370-1,891,LightGBM (tuned) | Raw
-0.2275192659477534,56.622687829766114,44.97473597233733,0.17439817374943178,0.11026169250520065,9,https://doi.org/10.1248/cpb.c24-00089,891,LightGBM (tuned) | Raw
-0.08614760040611102,76.34354906335373,61.2689839035622,-0.5418691983127365,-0.18503818642318837,9,10.1073/pnas.0910603106,891,LightGBM (tuned) | Raw
-1.0033343381656996,77.6873048509649,60.02884014699613,0.018902305061243713,0.0,8,https://doi.org/10.1016/j.cej.2022.136310,892,LightGBM (tuned) | Raw
-6.542680374799597,13.271791267666458,12.393319658941774,0.48141507063107175,0.6428571428571429,8,10.1002/btm2.10580,892,LightGBM (tuned) | Raw
-0.7880751049726029,47.4772806635562,35.035658974947395,0.8919145121981502,0.8093568993506446,8,https://doi.org/10.1038/s41467-022-33157-4,892,LightGBM (tuned) | Raw
-0.8922615897982449,44.60346553046405,43.493890502417976,0.11176788801488566,0.27850332594800836,8,https://doi.org/10.1073/pnas.2303567120,892,LightGBM (tuned) | Raw
-19.109927482828926,53.29895525282949,51.88578934466864,-0.3367631701857525,-0.39279220242478635,6,10.1073/pnas.1209367109,894,LightGBM (tuned) | Raw
-23.05934387060437,27.506229238136005,26.596427269255422,-0.5424077804091383,-0.7181848464596079,5,https://doi.org/10.34133/bmr.0017,895,LightGBM (tuned) | Raw
-1.6469363726022306,44.03421602544111,40.86210909971061,0.8779660307575601,0.7,5,https://doi.org/10.1021/acs.nanolett.1c01353,895,LightGBM (tuned) | Raw
-5.456546354487838,17.967395963922872,16.333249643692483,-0.35355339059327373,-0.35355339059327373,5,https://dx.doi.org/10.1021/acs.nanolett.0c01386,895,LightGBM (tuned) | Raw
-0.06298078840592636,1.0255688747953604,0.8228116225067851,0.012915553685361595,0.007002061587423296,95,https://doi.org/10.1038/s41467-024-45422-9,805,LightGBM (tuned) | Z-Normalised
-0.014592591707169644,1.0018977260666475,0.8055266012890363,-0.5301952985793885,-0.5517577161387002,94,10.1039/d0bm01609h,806,LightGBM (tuned) | Z-Normalised
-0.13792248817057073,1.0576557409370837,0.7353913065461278,-0.3341782736326375,-0.391373778879387,59,10.1038/s41551-021-00786-x,841,LightGBM (tuned) | Z-Normalised
0.017002591889015872,0.9808580782358564,0.8117627432602065,0.14847302100777046,0.20240533146217024,47,10.1021/acs.jpcb.5b02891,853,LightGBM (tuned) | Z-Normalised
0.027624582671233577,0.9748209969147361,0.581012173087712,0.27750895890749006,0.14676199803490628,44,https://doi.org/10.1038/s41587-019-0247-3,856,LightGBM (tuned) | Z-Normalised
0.07306389152209392,0.95066434968708,0.5521972474268889,0.7886482062249556,0.5439461645732792,40,10.1021/acs.nanolett.5b02497,860,LightGBM (tuned) | Z-Normalised
-0.00811863183817163,0.9910950691785392,0.8316268683319603,-0.18155791366015278,-0.25639877868977917,39,10.1002/adfm.202106727,861,LightGBM (tuned) | Z-Normalised
-0.011812996923825647,0.9900473931938597,0.6439350017214052,-0.027175813536208043,0.022256762508710663,32,10.1073/pnas.1306529110,868,LightGBM (tuned) | Z-Normalised
-0.016446076666266407,0.9906544361954048,0.8169500206028474,-0.2845761039605274,-0.4881848805881531,29,https://doi.org/10.1038/s41467-024-50619-z,871,LightGBM (tuned) | Z-Normalised
0.0845712838083208,0.9366353895817875,0.8542848245940545,0.6092568497139969,0.6068478419997501,24,10.1039/d5nr00433k,876,LightGBM (tuned) | Z-Normalised
0.10095641793342003,0.9282151866963855,0.7952332919046561,0.39997456324453595,0.04064118066111789,24,https://doi.org/10.1016/j.jpha.2024.100996,876,LightGBM (tuned) | Z-Normalised
-0.04677764442259291,0.9995983405365299,0.6665137715229034,-0.25088380287119694,-0.14337146463358957,22,https://doi.org/10.1038/s41563-020-00886-0,878,LightGBM (tuned) | Z-Normalised
-0.019147235936710416,0.9851986678725362,0.7394120008429494,-0.1387115996181045,0.4570769984414969,21,https://doi.org/10.1016/j.ijpharm.2023.123050,879,LightGBM (tuned) | Z-Normalised
-0.0008362829240453618,0.9737354307438638,0.867166722346604,0.3020868220406063,0.28437761417392055,19,10.1039/d1na00712b,881,LightGBM (tuned) | Z-Normalised
-0.007477426497203066,0.9754519251908161,0.5770168909651255,0.06077259370327988,0.09729492832374356,18,10.1021/acsnano.8b03640,882,LightGBM (tuned) | Z-Normalised
0.09181260583901263,0.922727306426945,0.7200387374497088,0.5411399005982861,-0.2374438927422486,16,10.1016/j.jconrel.2019.10.028,884,LightGBM (tuned) | Z-Normalised
0.11196481622143561,0.9080771438721232,0.7813321693415657,0.7128448460915012,0.7263312318262855,14,10.1039/c9nr09347h,886,LightGBM (tuned) | Z-Normalised
0.17543042132547926,0.8750267148072342,0.4798114996587931,0.9074929730351651,-0.034140969162995596,14,10.1038/nbt.1602,886,LightGBM (tuned) | Z-Normalised
-0.0026067308153547852,0.9620203408126309,0.6546346962423895,,,13,10.1039/d1bm01454d,887,LightGBM (tuned) | Z-Normalised
0.036021791158182714,0.9400248355433661,0.72196612815076,0.28111157838062584,0.24071739063762815,12,10.1021/acsnano.8b01516,888,LightGBM (tuned) | Z-Normalised
0.12264336496171813,0.896796287970922,0.7504262443885588,0.9004272216793414,0.531421643881235,12,http://dx.doi.org/10.1016/j.jconrel.2016.05.059,888,LightGBM (tuned) | Z-Normalised
0.14588520335867905,0.8848381567201302,0.7279152691272618,0.49705355285193764,0.4798606308117672,12,https://doi.org/10.1038/s41467-024-50093-7,888,LightGBM (tuned) | Z-Normalised
-0.005848476073579523,0.9602227708891902,0.6177424019485865,,,12,https://doi.org/10.1016/j.jconrel.2025.01.071,888,LightGBM (tuned) | Z-Normalised
0.0380432757583572,0.9351503156963313,0.8919984664161784,0.2762614895723209,0.06772854614785963,11,10.1126/sciadv.abf4398,889,LightGBM (tuned) | Z-Normalised
-0.0017106855084030315,0.9542777780787477,0.7507561192298664,0.074778337178531,0.30109439487922035,11,https://doi.org/10.1016/j.ymthe.2018.03.010,889,LightGBM (tuned) | Z-Normalised
-0.00955214165524021,0.9580055710861165,0.773090628863335,-0.08553382691565277,-0.11743432560225218,11,10.1002/smll.201805097,889,LightGBM (tuned) | Z-Normalised
-0.010362495186876597,0.953585992802007,0.8291430187372854,0.44158888903477783,0.006079055436800646,10,10.1126/sciadv.abc2315,890,LightGBM (tuned) | Z-Normalised
-0.005439551726570624,0.951260004706344,0.6902579484014575,,,10,10.1039/C9NR02004G,890,LightGBM (tuned) | Z-Normalised
-0.007330251501802332,0.9462582459358555,0.626349830849544,-0.6359767153223782,-0.09128709291752768,9,https://doi.org/10.1038/s41434-022-00370-1,891,LightGBM (tuned) | Z-Normalised
-0.005292948786691953,0.9453008686417447,0.8633027270851559,,,9,https://doi.org/10.1248/cpb.c24-00089,891,LightGBM (tuned) | Z-Normalised
-0.002119357159977575,0.943807587339697,0.7623553645580873,0.27853932595633984,0.13987572123604708,9,10.1073/pnas.0910603106,891,LightGBM (tuned) | Z-Normalised
-0.005369855885601016,0.9379225042080507,0.9166679520895884,,,8,https://doi.org/10.1016/j.cej.2022.136310,892,LightGBM (tuned) | Z-Normalised
-0.016021185738199772,0.9428777956452923,0.7388184768633066,-0.25281111479058427,-0.4096682888050979,8,10.1002/btm2.10580,892,LightGBM (tuned) | Z-Normalised
0.09296094938169674,0.8908755071787616,0.747237800255683,0.8898485305598969,0.7871603029325784,8,https://doi.org/10.1038/s41467-022-33157-4,892,LightGBM (tuned) | Z-Normalised
-0.009773758141345068,0.9399744881504375,0.572860249266755,-0.234813914772749,-0.12909944487358058,8,https://doi.org/10.1073/pnas.2303567120,892,LightGBM (tuned) | Z-Normalised
0.00037026315398203113,0.9127019122939397,0.8038962393785907,0.3367631701857524,0.39279220242478635,6,10.1073/pnas.1209367109,894,LightGBM (tuned) | Z-Normalised
0.007626486844029223,0.8910099946267586,0.8181962584764552,0.4487431544001136,0.5773502691896257,5,https://doi.org/10.34133/bmr.0017,895,LightGBM (tuned) | Z-Normalised
-0.002031335754223429,0.8953351710970472,0.6359483128047388,0.4606540457450164,0.28867513459481287,5,https://doi.org/10.1021/acs.nanolett.1c01353,895,LightGBM (tuned) | Z-Normalised
-0.009420363413941146,0.8986302302566684,0.7763090008731595,,,5,https://dx.doi.org/10.1021/acs.nanolett.0c01386,895,LightGBM (tuned) | Z-Normalised
-5.994989606231807,69.86144978752621,64.66589379021242,-0.09837744360261384,-0.11019176762716043,95,https://doi.org/10.1038/s41467-024-45422-9,805,SVR (RBF) | Raw
-4.854393334852124,56.50981211048985,51.89908265025893,-0.6072116677017672,-0.6273669675269333,94,10.1039/d0bm01609h,806,SVR (RBF) | Raw
-0.8144631251609427,146.29868098221033,97.80830784031609,-0.11078745261629261,-0.19262690318244247,59,10.1038/s41551-021-00786-x,841,SVR (RBF) | Raw
-0.0008481313354431474,41.72934929892795,33.629498219440435,0.021312023377291288,-0.05867692683825268,47,10.1021/acs.jpcb.5b02891,853,SVR (RBF) | Raw
-0.020463616505180804,30.921435809185507,18.81079881425389,-0.017332776227070745,0.012257175247624624,44,https://doi.org/10.1038/s41587-019-0247-3,856,SVR (RBF) | Raw
-0.03725449945085546,67.58115441700784,36.858716593438416,-0.23007285355617446,0.02568614867498448,40,10.1021/acs.nanolett.5b02497,860,SVR (RBF) | Raw
-1.5613418830211443,26.475332270857535,20.724288160388333,-0.14310007019567278,-0.14373197042548339,39,10.1002/adfm.202106727,861,SVR (RBF) | Raw
-0.7221190594928688,30.583510925668342,23.398530253888154,0.2355767890558169,0.15881538735285972,32,10.1073/pnas.1306529110,868,SVR (RBF) | Raw
-16.273210422085164,43.10483105342584,41.053070123479884,-0.0695027104328847,-0.07210650944128978,29,https://doi.org/10.1038/s41467-024-50619-z,871,SVR (RBF) | Raw
-1.5137856679243145,19.757671973274526,15.362677751715175,0.05004934830960284,-0.02831011527020202,24,10.1039/d5nr00433k,876,SVR (RBF) | Raw
-3.465029327948928,31.546522797547738,28.277947348370855,0.3363389485253999,-0.042608695652173914,24,https://doi.org/10.1016/j.jpha.2024.100996,876,SVR (RBF) | Raw
-0.9601628327216662,42.726166246547265,38.35245120538933,0.5069738077835696,0.47488108657597855,22,https://doi.org/10.1038/s41563-020-00886-0,878,SVR (RBF) | Raw
-1.7038091171126704,41.761076805679224,38.79610060831875,0.15324597331859005,0.1535958428217341,21,https://doi.org/10.1016/j.ijpharm.2023.123050,879,SVR (RBF) | Raw
-1.9549255943191097,65.14462673985378,53.03332772333805,0.10328014827791175,-0.18780168547725032,19,10.1039/d1na00712b,881,SVR (RBF) | Raw
-2672.2003606790545,87.12387115701969,86.78987221089443,0.05099820311452364,0.18208031375310096,18,10.1021/acsnano.8b03640,882,SVR (RBF) | Raw
-51.3013258131866,29.596834227004244,29.250165314405272,-0.07611787066368891,-0.24612361809732305,16,10.1016/j.jconrel.2019.10.028,884,SVR (RBF) | Raw
-0.30763007098594497,57.43201902966752,39.09499862550317,-0.23835954576921736,-0.09723905313933007,14,10.1039/c9nr09347h,886,SVR (RBF) | Raw
-1.3602816866784138,32.74437482887984,29.621252302629987,0.025956359065396166,-0.19361947909944544,14,10.1038/nbt.1602,886,SVR (RBF) | Raw
-0.28747203400018106,40.28032092217533,27.816229562124416,-0.15017834510330458,0.024759308154632828,13,10.1039/d1bm01454d,887,SVR (RBF) | Raw
-5.410129526986523,39.29034820829911,28.731478175726497,-0.2508479969306815,0.1516776081110505,12,10.1021/acsnano.8b01516,888,SVR (RBF) | Raw
-1.1062560060654447,39.5037409922508,34.365442101234386,-0.639204262432145,-0.864529002719376,12,http://dx.doi.org/10.1016/j.jconrel.2016.05.059,888,SVR (RBF) | Raw
-1.1466175196319086,20.78333821986948,16.09034476909063,-0.04363784061196237,-0.12959739664259406,12,https://doi.org/10.1038/s41467-024-50093-7,888,SVR (RBF) | Raw
0.029976928454290785,31.34338162452826,23.290116623592926,0.9272544974394543,0.31316725978647686,12,https://doi.org/10.1016/j.jconrel.2025.01.071,888,SVR (RBF) | Raw
-1.46851466625251,30.133127587886126,23.984310750380345,0.04886249927405392,0.3819608182872678,11,10.1126/sciadv.abf4398,889,SVR (RBF) | Raw
-0.08658435725119662,34.85026900274916,26.28140311275653,-0.07495246586964306,0.10909090909090911,11,https://doi.org/10.1016/j.ymthe.2018.03.010,889,SVR (RBF) | Raw
-7.963736531032906,59.180915615123276,55.91690251911843,0.2274722802249803,0.4090909090909091,11,10.1002/smll.201805097,889,SVR (RBF) | Raw
-3.1163217391679154,12.574097104819877,9.897604525535268,-0.06055761715384526,0.12727272727272726,10,10.1126/sciadv.abc2315,890,SVR (RBF) | Raw
-119.09745250144182,43.193076599594036,43.012918295569264,0.02047591070468159,0.0,10,10.1039/C9NR02004G,890,SVR (RBF) | Raw
-0.04861972393404779,44.60472123229633,27.380352777686895,0.11961259897277095,0.07531446678801507,9,https://doi.org/10.1038/s41434-022-00370-1,891,SVR (RBF) | Raw
-0.3560993234574228,59.514401729339646,46.85671058024275,-0.3608210885748884,-0.22828985817984954,9,https://doi.org/10.1248/cpb.c24-00089,891,SVR (RBF) | Raw
-0.02966827557463958,74.33213177795545,61.532620944186164,-0.30475229109985125,-0.05217391304347827,9,10.1073/pnas.0910603106,891,SVR (RBF) | Raw
-1.8274437409896684,92.29333165052068,73.64173918241836,0.018902305061243685,0.0,8,https://doi.org/10.1016/j.cej.2022.136310,892,SVR (RBF) | Raw
-26.666123961060986,25.41796923046129,24.927540259776567,0.5222732855225558,0.11904761904761905,8,10.1002/btm2.10580,892,SVR (RBF) | Raw
-1.7488735088719727,58.86678747070992,46.92505017124779,-0.7588802685836279,-0.825301204819277,8,https://doi.org/10.1038/s41467-022-33157-4,892,SVR (RBF) | Raw
-0.759581703725069,43.011316422401144,40.603189492967296,-0.1025196188385045,0.02531848417709167,8,https://doi.org/10.1073/pnas.2303567120,892,SVR (RBF) | Raw
-29.01240148902483,65.11241713639087,64.0118529182792,-0.33676317018575247,-0.39279220242478635,6,10.1073/pnas.1209367109,894,SVR (RBF) | Raw
-5.894857892282658,14.72488216821132,13.739586090382625,0.41708242966219333,0.3,5,https://doi.org/10.34133/bmr.0017,895,SVR (RBF) | Raw
-1.8915795769956127,46.02418345279257,41.65043605293485,0.9337711183015998,0.39999999999999997,5,https://doi.org/10.1021/acs.nanolett.1c01353,895,SVR (RBF) | Raw
-1.047169920258673,10.11723756827592,8.274282955918064,0.24373883194542462,0.19999999999999998,5,https://dx.doi.org/10.1021/acs.nanolett.0c01386,895,SVR (RBF) | Raw
-0.6084923619287013,1.261570792061263,1.0600343424077465,0.21960481431016046,0.19335272429651634,95,https://doi.org/10.1038/s41467-024-45422-9,805,SVR (RBF) | Z-Normalised
-0.9708332322507023,1.396376353734663,1.1406865066816383,-0.6526910958900339,-0.688050762844785,94,10.1039/d0bm01609h,806,SVR (RBF) | Z-Normalised
-0.06783796268743258,1.0245677206350523,0.6925686949528996,-0.3307713517883082,-0.36308775826295325,59,10.1038/s41551-021-00786-x,841,SVR (RBF) | Z-Normalised
-0.11043803432499888,1.042502610629416,0.8460321744440673,0.038832556899644655,-0.07400667318689069,47,10.1021/acs.jpcb.5b02891,853,SVR (RBF) | Z-Normalised
0.06303959780363766,0.9569043043068574,0.5700320644093572,0.260897464553486,0.22009930538313843,44,https://doi.org/10.1038/s41587-019-0247-3,856,SVR (RBF) | Z-Normalised
-0.0010116876725807522,0.9879202374082466,0.5338166311116306,0.1290669623540299,0.4388365179876943,40,10.1021/acs.nanolett.5b02497,860,SVR (RBF) | Z-Normalised
-0.409334860596519,1.171835342229945,0.9635477760773418,-0.29949763974989246,-0.2880712590358632,39,10.1002/adfm.202106727,861,SVR (RBF) | Z-Normalised
0.020663599624442086,0.9740288177789314,0.6854798156669136,0.21999812402416707,0.24866902909149743,32,10.1073/pnas.1306529110,868,SVR (RBF) | Z-Normalised
-0.3761819765461665,1.152704396465451,0.9889077442058724,-0.07284475125641651,-0.03438925834892281,29,https://doi.org/10.1038/s41467-024-50619-z,871,SVR (RBF) | Z-Normalised
-1.3811211655134703,1.5105984852425471,1.2842143037389315,0.23343876884041118,0.3205576129056721,24,10.1039/d5nr00433k,876,SVR (RBF) | Z-Normalised
0.17984467790959047,0.8865563623763443,0.7026811073207978,0.44509471604227496,0.39739130434782605,24,https://doi.org/10.1016/j.jpha.2024.100996,876,SVR (RBF) | Z-Normalised
-0.3453142565111176,1.1332094283440661,0.8176340200426473,0.11852607839214181,0.10742987117064645,22,https://doi.org/10.1038/s41563-020-00886-0,878,SVR (RBF) | Z-Normalised
-0.12687978489126817,1.0359627612774454,0.9134503549501934,0.3427806147350722,0.2772535128900794,21,https://doi.org/10.1016/j.ijpharm.2023.123050,879,SVR (RBF) | Z-Normalised
-0.17937161223268805,1.0570238512517958,0.8067211954815822,0.12921237098203803,0.10530935634238334,19,10.1039/d1na00712b,881,SVR (RBF) | Z-Normalised
-0.46783099073510614,1.1774059727142359,0.9778326348587191,0.09180195363253248,0.2062628554234347,18,10.1021/acsnano.8b03640,882,SVR (RBF) | Z-Normalised
-0.05771685189147013,0.9957959372523333,0.8331771731360557,0.13329290162838184,-0.24310369640287732,16,10.1016/j.jconrel.2019.10.028,884,SVR (RBF) | Z-Normalised
0.2662447058699775,0.8254357647280398,0.6174968523877926,0.7631780463264909,0.636473802366524,14,10.1039/c9nr09347h,886,SVR (RBF) | Z-Normalised
0.12054306282127192,0.9036805765994446,0.6189046883545297,0.48830055962642444,0.5170520180496553,14,10.1038/nbt.1602,886,SVR (RBF) | Z-Normalised
-0.39816043506797816,1.1360500131466225,0.9821681097391575,0.15369391017709774,-0.030261376633440123,13,10.1039/d1bm01454d,887,SVR (RBF) | Z-Normalised
0.4449776387154275,0.7132814997209668,0.5447963020372782,0.6860348589105246,0.7160594057335641,12,10.1021/acsnano.8b01516,888,SVR (RBF) | Z-Normalised
-0.08508507580078772,0.997327087511442,0.7909142083392151,-0.3448766394847464,-0.857398866614474,12,http://dx.doi.org/10.1016/j.jconrel.2016.05.059,888,SVR (RBF) | Z-Normalised
-0.3943129226642146,1.130539773342302,0.9941547148655646,-0.3583081948775728,-0.2241684698682708,12,https://doi.org/10.1038/s41467-024-50093-7,888,SVR (RBF) | Z-Normalised
0.031129831983227163,0.9424070178795932,0.5765157505591311,0.9168935389312884,0.6654804270462634,12,https://doi.org/10.1016/j.jconrel.2025.01.071,888,SVR (RBF) | Z-Normalised
-1.3716024462677088,1.468333144718778,1.1682633377547078,0.2205020850945253,0.1828782099678434,11,10.1126/sciadv.abf4398,889,SVR (RBF) | Z-Normalised
-0.16577379490070765,1.0294631411569055,0.7609371892420562,0.027555095960878725,-0.08181818181818183,11,https://doi.org/10.1016/j.ymthe.2018.03.010,889,SVR (RBF) | Z-Normalised
-0.04547404850370751,0.9749004837342057,0.7923546003992553,-0.03394496991017276,0.13636363636363638,11,10.1002/smll.201805097,889,SVR (RBF) | Z-Normalised
-0.316491112858992,1.0885044793537109,0.9187465868024243,-0.2436814486994483,-0.28484848484848485,10,10.1126/sciadv.abc2315,890,SVR (RBF) | Z-Normalised
-0.026289509365932995,0.961072608302484,0.6512108007041456,0.22150863962464112,0.42268197220580817,10,10.1039/C9NR02004G,890,SVR (RBF) | Z-Normalised
-0.23112933199157792,1.0461057231429878,0.6267985549929604,0.14475479919275758,0.07531446678801507,9,https://doi.org/10.1038/s41434-022-00370-1,891,SVR (RBF) | Z-Normalised
-0.2611845043727208,1.0587978526497641,0.9847563110136872,-0.27812362848116295,-0.026341137482290326,9,https://doi.org/10.1248/cpb.c24-00089,891,SVR (RBF) | Z-Normalised
0.13270091801201078,0.8780276290200992,0.7011365357523588,0.4004089261529541,0.2347826086956522,9,10.1073/pnas.0910603106,891,SVR (RBF) | Z-Normalised
-0.3548860161519014,1.0888182879309631,0.9166679520895882,0.01890230506124374,0.0,8,https://doi.org/10.1016/j.cej.2022.136310,892,SVR (RBF) | Z-Normalised
-0.23645256324233,1.0401422945140917,0.7040544582620667,-0.04131684267678348,0.11904761904761905,8,10.1002/btm2.10580,892,SVR (RBF) | Z-Normalised
-0.10719861426972987,0.9842757680071242,0.716306824525166,0.61377115848346,0.7771084337349397,8,https://doi.org/10.1038/s41467-022-33157-4,892,SVR (RBF) | Z-Normalised
-0.5244833993824587,1.1549558322549185,0.7914566072742981,-0.26325393040168743,-0.48105119936474167,8,https://doi.org/10.1073/pnas.2303567120,892,SVR (RBF) | Z-Normalised
0.0362956882099148,0.8961511739052386,0.7727407337765452,0.33676317018575236,0.39279220242478635,6,10.1073/pnas.1209367109,894,SVR (RBF) | Z-Normalised
-0.45467999534221204,1.0787696678502643,0.8932207388263051,-0.4628888153292251,-0.7,5,https://doi.org/10.34133/bmr.0017,895,SVR (RBF) | Z-Normalised
-0.23993067368237453,0.9959641253307769,0.65145134171035,-0.1730400129260513,-0.09999999999999999,5,https://doi.org/10.1021/acs.nanolett.1c01353,895,SVR (RBF) | Z-Normalised
-0.4457720755525285,1.0754616034252562,0.9067019383512941,-0.18697463205327491,-0.19999999999999998,5,https://dx.doi.org/10.1021/acs.nanolett.0c01386,895,SVR (RBF) | Z-Normalised
-5.436354049816682,67.01376526708745,61.540056563407724,-0.014195379455006742,0.009075604404193596,95,https://doi.org/10.1038/s41467-024-45422-9,805,RF (default) | Raw
-1.7099457883606917,38.44706713028212,33.51601686918084,-0.06788062707667392,-0.10509878793980376,94,10.1039/d0bm01609h,806,RF (default) | Raw
-0.8849533263343061,149.1133879636343,102.16694844937189,-0.024713289493407842,-0.025248172580263635,59,10.1038/s41551-021-00786-x,841,RF (default) | Raw
-0.22954133169597712,46.25184776378008,40.46629920625571,0.11061356428312566,0.11273750960560867,47,10.1021/acs.jpcb.5b02891,853,RF (default) | Raw
-0.10625343804915532,32.19498343541602,18.3631226852615,-0.05218639045435563,0.04765109339782599,44,https://doi.org/10.1038/s41587-019-0247-3,856,RF (default) | Raw
-0.09201395993359163,69.34210759359617,36.51158009564913,0.5723422880699119,0.10255572595968067,40,10.1021/acs.nanolett.5b02497,860,RF (default) | Raw
-1.1300348356381793,24.14354271242706,18.273098563057772,-0.11778072559760115,-0.09636115200356353,39,10.1002/adfm.202106727,861,RF (default) | Raw
-0.6735611584834611,30.14925238305856,23.190770749751465,0.39672700388113624,0.26660278063192516,32,10.1073/pnas.1306529110,868,RF (default) | Raw
-9.351235051040794,33.3684090457986,31.71477920146975,0.2649311426158916,0.23579444882254247,29,https://doi.org/10.1038/s41467-024-50619-z,871,RF (default) | Raw
-0.04939177028929853,12.76557774383113,11.552857719346315,0.09188984421536857,-0.06951405700021521,24,10.1039/d5nr00433k,876,RF (default) | Raw
-4.4526868044091525,34.86138321782198,28.605947960493292,-0.7858510330629856,-0.697391304347826,24,https://doi.org/10.1016/j.jpha.2024.100996,876,RF (default) | Raw
-0.45758127904481993,36.84378520414627,32.255235739498524,-0.16875806894665615,-0.1546442731501025,22,https://doi.org/10.1038/s41563-020-00886-0,878,RF (default) | Raw
-0.7820573495605958,33.903498273753975,30.920217731123905,-0.3666322231785559,-0.7464958773233771,21,https://doi.org/10.1016/j.ijpharm.2023.123050,879,RF (default) | Raw
-1.503151448143531,59.95824169155012,46.59324909448665,0.09197731317498113,0.1892537901172047,19,10.1039/d1na00712b,881,RF (default) | Raw
-3804.030760002795,103.94425588204541,102.78545710201291,0.3687866003853841,0.409889276040272,18,10.1021/acsnano.8b03640,882,RF (default) | Raw
-82.36663468038162,37.366725882549645,35.324610703612386,0.4798653068911922,0.03774902118057102,16,10.1016/j.jconrel.2019.10.028,884,RF (default) | Raw
-0.234627511685656,55.805834875463056,37.11562220415086,0.7915492324101703,0.7071931137405822,14,10.1039/c9nr09347h,886,RF (default) | Raw
-1.7132706305886165,35.10761617651344,31.42966311271667,-0.027181199992283987,-0.21782191398687606,14,10.1038/nbt.1602,886,RF (default) | Raw
-0.1718298439764312,38.428753450737744,25.616717814374777,-0.18047273503822786,0.10989447682360387,13,10.1039/d1bm01454d,887,RF (default) | Raw
-7.715716354393358,45.81461265813502,36.624334452411325,-0.23921939688322028,0.010582158705422128,12,10.1021/acsnano.8b01516,888,RF (default) | Raw
-2.111795424892004,48.01624187573531,44.466498036579566,0.9153961595609365,0.8288783221948657,12,http://dx.doi.org/10.1016/j.jconrel.2016.05.059,888,RF (default) | Raw
-2.9153271665698246,28.068680645591755,21.773557571843686,0.0010061249843270961,0.03852895575860905,12,https://doi.org/10.1038/s41467-024-50093-7,888,RF (default) | Raw
-0.15894306012126225,34.259882424093824,28.316683282465902,-0.7214979898840322,-0.25634441817651177,12,https://doi.org/10.1016/j.jconrel.2025.01.071,888,RF (default) | Raw
-2.184893635785093,34.227392966289216,28.310951209099866,-0.061732166030061236,-0.3967784405628216,11,10.1126/sciadv.abf4398,889,RF (default) | Raw
0.03768562674823739,32.796907629939724,22.891447424776448,0.3181452304994857,0.4272727272727273,11,https://doi.org/10.1016/j.ymthe.2018.03.010,889,RF (default) | Raw
-7.836310844073681,58.758761208155796,55.59661852920687,0.3153378637368159,0.18181818181818182,11,10.1002/smll.201805097,889,RF (default) | Raw
-4.262966378631658,14.217965346815346,11.607223659888694,0.192731044854423,0.06666666666666665,10,10.1126/sciadv.abc2315,890,RF (default) | Raw
-255.16767169738404,63.08257349867586,62.95882083745098,-0.016469049503853986,0.230803375806152,10,10.1039/C9NR02004G,890,RF (default) | Raw
-0.06281681184921317,44.90565403541712,30.04022860564189,-0.33457346113101943,-0.4435185266405332,9,https://doi.org/10.1038/s41434-022-00370-1,891,RF (default) | Raw
-0.29121653295797856,58.07321391689741,45.87205180234623,-0.06377593656966368,-0.1404860665722151,9,https://doi.org/10.1248/cpb.c24-00089,891,RF (default) | Raw
-0.06168786412261973,75.47903665572481,61.94536901992394,-0.517076549920035,-0.4695652173913044,9,10.1073/pnas.0910603106,891,RF (default) | Raw
-1.7743303884777775,91.42235976125104,72.54316263535688,0.018902305061243713,0.0,8,https://doi.org/10.1016/j.cej.2022.136310,892,RF (default) | Raw
-24.404632534212073,24.356963711743457,23.067997472564056,0.48852746601182884,0.5714285714285715,8,10.1002/btm2.10580,892,RF (default) | Raw
-1.4109070010521765,55.12938996761528,44.91812709619551,0.828045842154459,0.8768105301663435,8,https://doi.org/10.1038/s41467-022-33157-4,892,RF (default) | Raw
-0.9815814082616732,45.644029319931214,44.26429978235741,-0.39791160274402104,-0.227866357593825,8,https://doi.org/10.1073/pnas.2303567120,892,RF (default) | Raw
-15.169066278690924,47.79207805895843,46.124307335151855,-0.3367631701857525,-0.39279220242478635,6,10.1073/pnas.1209367109,894,RF (default) | Raw
-16.46807199783594,23.437519966057394,20.821261474730658,-0.4537734931688889,-0.6,5,https://doi.org/10.34133/bmr.0017,895,RF (default) | Raw
-1.33610660687711,41.36803065683915,38.70650079126644,0.7140310789974834,0.7,5,https://doi.org/10.1021/acs.nanolett.1c01353,895,RF (default) | Raw
-1.0603411513362428,10.149731896302097,8.204890215728767,-0.3535533905932736,-0.35355339059327373,5,https://dx.doi.org/10.1021/acs.nanolett.0c01386,895,RF (default) | Raw
-0.2647102737329574,1.11865881036599,0.9251705800325424,-0.08981153149873974,-0.12736996524219404,95,https://doi.org/10.1038/s41467-024-45422-9,805,RF (default) | Z-Normalised
0.016579747043415916,0.9863865040499793,0.7915565924816615,0.3526460485505681,0.48860271052331333,94,10.1039/d0bm01609h,806,RF (default) | Z-Normalised
-0.052329313420055534,1.017100399843638,0.6966788818057116,-0.24007213069463984,-0.2903909442252412,59,10.1038/s41551-021-00786-x,841,RF (default) | Z-Normalised
-0.0941401279102907,1.0348239225688154,0.8520725159126732,0.056567926089520826,0.0718001187882231,47,10.1021/acs.jpcb.5b02891,853,RF (default) | Z-Normalised
0.07275495964537804,0.9519302965225299,0.5656166135415375,0.33912795069593116,0.35192575502041534,44,https://doi.org/10.1038/s41587-019-0247-3,856,RF (default) | Z-Normalised
0.05343604903321886,0.9606767678010185,0.49603047227467767,0.5279236714284031,0.5482859529667642,40,10.1021/acs.nanolett.5b02497,860,RF (default) | Z-Normalised
-0.05484897400564104,1.0138054864794097,0.8560544816606239,-0.20833111040353922,-0.24748216034528656,39,10.1002/adfm.202106727,861,RF (default) | Z-Normalised
-0.04667925764395142,1.0069610374004443,0.6409294665370886,0.08290410858283459,0.03734657537284943,32,10.1073/pnas.1306529110,868,RF (default) | Z-Normalised
-0.08127514329638386,1.0217581874042125,0.8461589416801987,-0.2970078194108859,-0.45667455979483523,29,https://doi.org/10.1038/s41467-024-50619-z,871,RF (default) | Z-Normalised
-0.26594156786094136,1.1014508625142583,0.9916125614719417,0.050849934990319715,-0.13806625447160062,24,10.1039/d5nr00433k,876,RF (default) | Z-Normalised
0.17347316948043812,0.8899933778299964,0.7458326274861257,0.49729166164584904,0.6904347826086955,24,https://doi.org/10.1016/j.jpha.2024.100996,876,RF (default) | Z-Normalised
-0.05962260318455792,1.0057126525024143,0.643681962701833,-0.2052472308910064,-0.14780160619655816,22,https://doi.org/10.1038/s41563-020-00886-0,878,RF (default) | Z-Normalised
-0.020140521481103013,0.9856786501748807,0.7493062408768345,-0.2369817443434014,-0.3517144037388989,21,https://doi.org/10.1016/j.ijpharm.2023.123050,879,RF (default) | Z-Normalised
0.01966325064929053,0.9637116157504025,0.8587899502631269,0.28820346054444684,0.11756991121559443,19,10.1039/d1na00712b,881,RF (default) | Z-Normalised
0.07791880241744087,0.9331958338867186,0.5232968297300444,0.30857843477520475,0.39998612628548214,18,10.1021/acsnano.8b03640,882,RF (default) | Z-Normalised
0.16009508438376352,0.8873617404363461,0.7330584174020532,0.5061169118424118,-0.07700800320836487,16,10.1016/j.jconrel.2019.10.028,884,RF (default) | Z-Normalised
0.25732971248458847,0.8304350726190094,0.6977330296218037,0.8149800559220117,0.8044321668799121,14,10.1039/c9nr09347h,886,RF (default) | Z-Normalised
0.22569910495611345,0.8479349552029551,0.4909717233551064,0.5731936248188707,0.14301438797118124,14,10.1038/nbt.1602,886,RF (default) | Z-Normalised
-0.0007145566502235745,0.9611121234439691,0.6609555711712891,0.26817379772474415,0.01122268016194518,13,10.1039/d1bm01454d,887,RF (default) | Z-Normalised
0.2837107659907946,0.8103076357214205,0.6495974174747985,0.5736896209016856,0.31746476116266387,12,10.1021/acsnano.8b01516,888,RF (default) | Z-Normalised
0.2474727656909581,0.8305520040611274,0.6739062294621557,0.9253880920032556,0.860963934666925,12,http://dx.doi.org/10.1016/j.jconrel.2016.05.059,888,RF (default) | Z-Normalised
0.13819705348580924,0.8888115853794183,0.7257962660476472,0.4170290579401986,0.3327500724607145,12,https://doi.org/10.1038/s41467-024-50093-7,888,RF (default) | Z-Normalised
-0.005064183869961658,0.9598483396944181,0.6158588386359015,0.18239817924041343,-0.003630487601783481,12,https://doi.org/10.1016/j.jconrel.2025.01.071,888,RF (default) | Z-Normalised
0.007076467727934466,0.9500830261671708,0.8804598353455545,0.2484691822036788,-0.48031074383920513,11,10.1126/sciadv.abf4398,889,RF (default) | Z-Normalised
0.027145195219165807,0.940432591359778,0.7500222378542357,0.18586963817142693,0.3545454545454546,11,https://doi.org/10.1016/j.ymthe.2018.03.010,889,RF (default) | Z-Normalised
-0.007817012500755727,0.9571819493135021,0.7831152522095209,-0.025641270474817845,0.1272727272727273,11,10.1002/smll.201805097,889,RF (default) | Z-Normalised
-0.04442316876536845,0.9695260965486343,0.8503981238086495,-0.1456820927141926,-0.24848484848484845,10,10.1126/sciadv.abc2315,890,RF (default) | Z-Normalised
-0.044512109633771724,0.9695673770658718,0.6434657839358208,0.06718603431216291,0.0,10,10.1039/C9NR02004G,890,RF (default) | Z-Normalised
0.04476849194487964,0.9214633328715655,0.6033867401861684,0.425752844939538,0.07531446678801507,9,https://doi.org/10.1038/s41434-022-00370-1,891,RF (default) | Z-Normalised
-0.0010238272847467034,0.9432915549216166,0.8692426020513992,-0.05772198712194887,0.13170568741145164,9,https://doi.org/10.1248/cpb.c24-00089,891,RF (default) | Z-Normalised
0.1719531368120113,0.8579287010976501,0.6914092075772759,0.5175009042724379,0.2869565217391305,9,10.1073/pnas.0910603106,891,RF (default) | Z-Normalised
-0.0602901790478092,0.9631998269657409,0.9166679520895884,-0.018902305061243768,0.0,8,https://doi.org/10.1016/j.cej.2022.136310,892,RF (default) | Z-Normalised
-0.06030489838061115,0.9632065126871991,0.7210524702330127,-0.17733722672050206,-0.3333333333333334,8,10.1002/btm2.10580,892,RF (default) | Z-Normalised
0.19078341529613885,0.8414656924770486,0.7015613933027294,0.8426361318258834,0.7409638554216866,8,https://doi.org/10.1038/s41467-022-33157-4,892,RF (default) | Z-Normalised
-0.07222163996369546,0.9686041167413204,0.5276653200386738,-0.6269578640545778,-0.227866357593825,8,https://doi.org/10.1073/pnas.2303567120,892,RF (default) | Z-Normalised
0.007396085004054975,0.9094888284983423,0.7783865022213027,0.33676317018575236,0.39279220242478635,6,10.1073/pnas.1209367109,894,RF (default) | Z-Normalised
-0.27526227042176354,1.01005436306043,0.826232465616578,-0.4330180414165083,-0.19999999999999998,5,https://doi.org/10.34133/bmr.0017,895,RF (default) | Z-Normalised
-0.24267971573103564,0.9970675867687349,0.6093665598663967,-0.8029439803906828,-0.19999999999999998,5,https://doi.org/10.1021/acs.nanolett.1c01353,895,RF (default) | Z-Normalised
-0.040075281732508294,0.9121733527055078,0.7941106796774082,0.3535533905932738,0.35355339059327373,5,https://dx.doi.org/10.1021/acs.nanolett.0c01386,895,RF (default) | Z-Normalised
